X,Y,OBJECTID,Artist,Title,Date,Materials,Address,Description,Asset_ID,Number,Type,URL_1,URL_2,Check_Image,Job_ID,Link_URL
147.31949317719392,-42.872743122549601,2,Greg Duncan,Bust of Cecil Voss,1998,Stone,Soundy Park,Stone Sculpture,,1,Art,http://hccapps.hobartcity.com.au/gis/PublicArt/image44.jpeg,,,,
147.315502336481785,-42.87335406456058,3,Julie Stoneman (Community Facilitator),Community Paving Project,1994,Pavers,"Elizabeth Street and side streets, North Hobart",,,2,Art,http://hccapps.hobartcity.com.au/gis/PublicArt/IMG_0003.JPG,,No,,
147.314624677999348,-42.8724802622841,5,Gerhardt Mauz/Kieran Bradley,Lightpoles,2005,Steel,Elizabeth Street,Lightpoles and Photography,,3,Art,http://hccapps.hobartcity.com.au/gis/PublicArt/image47.jpeg,,No,,
147.316068455525766,-42.873907194142433,6,Peter Gouldthorpe,Tony Haigh Walk,2000,,,2 Trompe l'oeil murals,94451,4,Art,http://hccapps.hobartcity.com.au/gis/PublicArt/image48.jpeg,,,,
147.315924612329724,-42.873671523147344,7,Gehard Mausz,Cultural Bollard,2000,Steel,Elizabeth Street,Patterened Steel Cylinder,,5,Art,http://hccapps.hobartcity.com.au/gis/PublicArt/image49.jpeg,,,,
147.315868299345766,-42.873645652361859,8,Peter Battaglene,Art Pavers,2005,Pavers,Elizabeth Street,Sandblasted decorative pavers,,6,Art,http://hccapps.hobartcity.com.au/gis/PublicArt/IMG_0003.JPG,,No,,
147.314837027175003,-42.872723785619193,9,Sharyn Woods,Fences,2005,Stainless Steel,,Sections of open patterned stainless steel fencing,,7,Art,http://hccapps.hobartcity.com.au/gis/PublicArt/image51.jpeg,,No,,
147.315198467992445,-42.873030574537125,10,Sharyn Woods,Tree Guards,2005,Stainless Steel,Elizabeth Street,welded stainless strip boxes,,8,Sculpture,http://hccapps.hobartcity.com.au/gis/PublicArt/image50.jpeg,,No,,
147.308407041730788,-42.876722678660059,11,Roland Gabatel,Tree Sculpture,2000,Timber,"Friends Park, Mellifont Street.",Chainsaw sculpture,,9,Sculpture,http://hccapps.hobartcity.com.au/gis/PublicArt/image52.jpeg,,,,
147.336308913480906,-42.881442401599259,12,Peter Taylor,Archway,1988,Timber,"Hunter Street, Universtiy of Tasmania Art School",,,10,Sculpture,http://hccapps.hobartcity.com.au/gis/PublicArt/IMG_0066.JPG,http://hccapps.hobartcity.com.au/gis/PublicArt/IMG_0067.JPG,,,
147.335172378254811,-42.882252388341321,13,Stephen Walker,"The Bernacchi Tribute: Self Portrait, Lous and Joe",1988,Bronze,Victoria Dock,Bronze sculpture,,11,Sculpture,http://hccapps.hobartcity.com.au/gis/PublicArt/IMG_0063.jpg,http://hccapps.hobartcity.com.au/gis/PublicArt/IMG_0064.jpg,,,
147.333709827026553,-42.882286529327025,14,David Hurst,Troyseas,2004,Bronze,"Mures Fish Centre, waterfront",Bronze seahorse,,12,Sculpture,http://hccapps.hobartcity.com.au/gis/PublicArt/IMG_0078.JPG,,,,
147.331941646086733,-42.881635734050192,15,Iam Makay,Bright Prospect,1979,"Steel, Paint","TMAG, 40 Macquarie Street",Orange painted constructavist steel sculpture ,,13,Sculpture,http://hccapps.hobartcity.com.au/gis/PublicArt/IMG_0071.jpg,,,,
147.33215442097179,-42.882954235192358,16,John Arnold,"Mural, Kent & Kent Antiques",1998,Paint,On the wall of Kent and Kent Antiques,Painted Mural,,14,Public Art,http://hccapps.hobartcity.com.au/gis/PublicArt/image34.jpeg,,,,
147.356490005316573,-42.912337056584342,17,Stephen Walker,Tidal Pools,1970,Bronze,"Long Beach, Sandy Bay",Bronze sculpture,59355,15,Sculpture,http://hccapps.hobartcity.com.au/gis/PublicArt/IMG_0059.jpg,http://hccapps.hobartcity.com.au/gis/PublicArt/IMG_0057.jpg,,,
147.331571707378373,-42.886334219256874,18,Stephen Walker,Tasman Monument,1988,"Concrete, Steel, Bronze",Salamanca Place,Concrete forms incorporating bronze sculptures,,16,Memorial,http://hccapps.hobartcity.com.au/gis/PublicArt/image33.jpeg,,,,
147.33279166264353,-42.887367730527664,19,Stephen Walker,Journey to Southland,1979,"Bronze, concrete",Salamanca Square,circular fountain with bronze sculptures,,17,Public Art,http://hccapps.hobartcity.com.au/gis/PublicArt/image40.jpeg,,,,
147.332340804580269,-42.88746172408802,20,Peter Wilson,Wave,1998,"Aluminium, Steel",Salamanca Square,sculpture in painted steel and aluminium,,18,Sculpture,http://hccapps.hobartcity.com.au/gis/PublicArt/IMG_0087.JPG,,,,
147.338076956863603,-42.88919132741534,21,Keizo Ushio,Gift from the Earth,2001,"Granite, Timber","A J White Park, Battery Poing",Granite sculpture,74963,20,Sculpture,http://hccapps.hobartcity.com.au/gis/PublicArt/image41.jpeg,,,,
147.335821167019816,-42.877523790074463,22,"Joe Burgden, Bernard Lloyd, Sound Connections",Victoria Cross Memorial,2003,"Rammed Earth, Glass","Cenotaph, Hobart",Rammed Earth and glass monument,,21,Sculpture,http://hccapps.hobartcity.com.au/gis/PublicArt/image38.jpeg,,,,
147.333036162390584,-42.878806385316068,23,"Penny Smith, Mialn Milojevic, John Smith",Wapping History Wall,1998,"Concrete, Brick","Collins Street, Brooker Highway",,,22,Public Art,http://hccapps.hobartcity.com.au/gis/PublicArt/image23.jpeg,,,,
147.331025998867062,-42.878044798323636,24,"Geoff Parr, Vere Cooper, Rod Cuthbert",Railway Roundabout Fountain,1963,Concrete,Brooker Highway,Fountain,,23,Sculpture,http://hccapps.hobartcity.com.au/gis/PublicArt/image22.jpeg,,,,
147.327098344599875,-42.877450309438586,25,Christopher Beecroft,Minute Man,1986,Steel,TAS HQ Campbell and Melville Street,Welded mild steel sculpture,,24,Sculpture,http://hccapps.hobartcity.com.au/gis/PublicArt/IMG_00101.JPG,,,,
147.329367319391139,-42.879201008581525,26,Glen Clake,Brick,1998,Metal,"Hobart Remand Centre, 23 - 25 Liverpool Street.",,,25,Sculpture,http://hccapps.hobartcity.com.au/gis/PublicArt/Brick (2).jpg,,,,
147.328980299771558,-42.880595208510691,27,Hobart City Council,Hobart Rivulet Interpretaions,1998,Steel,Argyle Street,Two rectangular steel panels,,26,Art,http://hccapps.hobartcity.com.au/gis/PublicArt/image16.jpeg,,,,
147.330481958217291,-42.881505820686321,28,Tom Samek,Inspiration,1990,,25 Argyle Street.,Sculpture on column,,27,Sculpture,http://hccapps.hobartcity.com.au/gis/PublicArt/IMG_0095.JPG,,,,
147.329820882241677,-42.881479135290306,29,Irene Bryant,Duality,1991,"Concrete, Steel",70 Collins Street,Ferro-cement sculpture,,28,Sculpture,http://hccapps.hobartcity.com.au/gis/PublicArt/IMG_0093.JPG,,,,
147.327034649512512,-42.88115911197071,30,Sharyn Woods,Tree Guards,1999,Stainless Steel,Commonwealth Bank corner Elizabeth Street,,,29,Sculpture,http://hccapps.hobartcity.com.au/gis/PublicArt/image20.jpeg,,,,
147.327455307755343,-42.881696789275175,31,"Wayne Hudson, Helene Czerny",City Women,1998,Steel,"Elizabeth Lane, Cat and Fiddle aracde.",steel wall mounted sculpture,,30,Sculpture,http://hccapps.hobartcity.com.au/gis/PublicArt/image17.jpeg,,,,
147.327325115285731,-42.881890156128264,32,Wayne Hudson,Seats with leaning Posts,1998,Stainless Steel,"Elizabeth Lane, Cat and Fiddle arcade",-,,31,Public Art,http://hccapps.hobartcity.com.au/gis/PublicArt/image18.jpeg,,,,
147.325923132837659,-42.881443835736569,33,Julie Stoneman,Paving Design,1998,Brick Pavers,Ctriterion Street,Brick paving,,32,Sculpture,http://hccapps.hobartcity.com.au/gis/PublicArt/image19.jpeg,,,,
147.325596608342721,-42.881718348402337,34,Pavement Art,Chantale Delrue,1990,,Mathers Lane,,,33,Sculpture,http://hccapps.hobartcity.com.au/gis/PublicArt/image21.jpeg,,,,
147.326490181163308,-42.883046214574243,35,"Ian Chalmers, Lindsay Garity",Hobart Rivulet Interpretations,1995,"Steel, Concrete","Murray Street, Centrepoint pedestrian crossing",Curved steel strips in pavement,,34,Sculpture,http://hccapps.hobartcity.com.au/gis/PublicArt/image2.jpeg,,,,
147.322632571742446,-42.886899288366429,36,Allan Mansell,Reaching Out,2004,,188 Collins Street,Sculpture and Mural,,35,Sculpture and Mural,http://hccapps.hobartcity.com.au/gis/PublicArt/20141203_162834.jpg,,No,,
147.3281256124001,-42.886778125483787,37,George Davis,Tile,1964,Tiles,UTAS Conservatorium of Music,Tile wall mosaic on building,,36,Sculpture,http://hccapps.hobartcity.com.au/gis/PublicArt/IMG_0088.JPG,,,,
147.327468739804914,-42.881456505655876,38,Paul Zika,Paving design,1996,Brick,Elizabeth Street Mall,Symmetrical design in coloured bricks,,37,Sculpture,http://hccapps.hobartcity.com.au/gis/PublicArt/image1.jpeg,,Yes,,
147.326578768980482,-42.882968754379895,39,"Ian Chalmers, Lindsay Garity",Hobart Rivulet Interpretations,,"Steel, Concrete","Murray Street, Centrepoint pedestrian crossing",Curved steel strips in pavement,,34,Sculpture,http://hccapps.hobartcity.com.au/gis/PublicArt/image2.jpeg,,,,
147.327669924654657,-42.881489953741074,40,"Milan Milojevic, Lindsay Garity, Ian Chalmers",Hobart Rivulet Interpretations,1996,"Steel, Concrete",Elizabeth Street Mall,,,38,Sculpture,http://hccapps.hobartcity.com.au/gis/PublicArt/image14.jpeg,,No,,
147.328554446622974,-42.881978090565923,41,Patrick Wall,Fish out of water,1996,Aluminium,Elizabeth Street Mall,Aluminum fish drinking fountain,,39,Sculpture,http://hccapps.hobartcity.com.au/gis/PublicArt/image4.jpeg,,,,
147.328408959748145,-42.881912565120459,42,Patrick Hall,Thompson the Dog,1996,Timber,Elizabeth Street Mall,Timber dog,,40,Sculpture,http://hccapps.hobartcity.com.au/gis/PublicArt/image5.jpeg,,,,
147.32848104617895,-42.881942325144479,43,Patrick Hall,Maurice the Pig,1996,"Hebel Block, Paint",Elizabeth Street Mall,"Moulded hebel block, painted white pig sculpture",,41,Sculpture,http://hccapps.hobartcity.com.au/gis/PublicArt/image6.jpeg,,,,
147.327772151949091,-42.881522303411749,44,Patrick Hall,Street Signs - Wellington Walk,1996,"Steel, Ceramic Tiles",Elizabeth Street Mall,Wellington Walk - Wellington Crt,,42,Sculpture,http://hccapps.hobartcity.com.au/gis/PublicArt/IMG_0098.JPG,,,,
147.329142350623982,-42.881776890267659,45,Patrick Hall,Street Signs - Purdys Mart,1996,Steel,Collins Street,Purdys Mart,,42,Sculpture,http://hccapps.hobartcity.com.au/gis/PublicArt/IMG_0092.JPG,,,,
147.329477271272737,-42.8815183267847,46,Patrick Hall,Street Signs - Kemp Street,1996,Steel,Collins Street,Kemp Street,,42,Sculpture,http://hccapps.hobartcity.com.au/gis/PublicArt/IMG_0091.JPG,,,,
147.329320099574801,-42.880886296759314,47,Patrick Hall,Street Signs,1996,Steel,Argyle Street,,,42,Sculpture,http://hccapps.hobartcity.com.au/gis/PublicArt/IMG_0094.JPG,,,,
147.3276753763854,-42.880916359358856,48,Patrick Hall,Street Signs - Bank Arcade,1996,Steel, Liverpool Street,,,42,Sculpture,http://hccapps.hobartcity.com.au/gis/PublicArt/IMG_0097.JPG,,,,
147.32742302001418,-42.88136247464535,49,Patrick Hall,Street Signs,1996,"Steel, Ceramic Tiles",Elizabeth Street Mall,Bank Arcade,,42,Public Art,http://hccapps.hobartcity.com.au/gis/PublicArt/image8.jpeg,,,,
147.327946201296669,-42.881603038803021,50,Patrick Hall,Street Signs - Soundys Lane,1996,Steel,Elizabeth Street Mall,,,42,Sculpture,http://hccapps.hobartcity.com.au/gis/PublicArt/IMG_0099.JPG,,,,
147.328305565402246,-42.881852439923151,51,Patrick Hall,Granite Stories,1996,Granite,Elizabeth Street Mall,Engravings to granite blocks in seating,,43,Sculpture,http://hccapps.hobartcity.com.au/gis/PublicArt/image9.jpeg,,No,,
147.328371811942475,-42.881820084029016,52,Carol Rodwell,police box mural,1998,Paint,Elizabeth Street Mall,painted mural,,44,Sculpture,http://hccapps.hobartcity.com.au/gis/PublicArt/image11.jpeg,,,,
147.328732572450548,-42.882033487547083,53,Sharyn Woods,Wind Shields,1996,Stainless Steel,Elizabeth Street Mall,"Curved, woven stainless steel screens",,45,Sculpture,http://hccapps.hobartcity.com.au/gis/PublicArt/image10.jpeg,,,,
147.328317131298888,-42.881284144726237,54,Paul Zika,Paving design,1996,Brick Pavers,Wellington Court,Symmetrical design in coloured bricks,,46,Sculpture,http://hccapps.hobartcity.com.au/gis/PublicArt/image12.jpeg,,,,
147.328365804794771,-42.881298300998672,55,Hobart City Council,Terrazo star,1998,"Tiles, Steel",Wellington Court,Terrazo and Bronze strips in paving,,47,Sculpture,http://hccapps.hobartcity.com.au/gis/PublicArt/image12.jpeg,,,,
147.319419214039158,-42.875110217039321,56,Ken Betlehem,Jo & Edie,2010,Aluminium,Tasma Street,"Lazer cut aluminium, human silhouette",,,Bike Rack,http://hccapps.hobartcity.com.au/gis/PublicArt/IMG_0006.JPG,,No,,
147.319551819803365,-42.87506098797548,57,Ken Betlehem,Fred,2010,Aluminium,Tasma Street,"Lazer cut aluminium, human silhouette",,,Bike Rack,http://hccapps.hobartcity.com.au/gis/PublicArt/IMG_0006.JPG,,No,,
147.323833313720286,-42.879881285851816,58,Ken Betlehem,Bazza,2010,Aluminium,"Elizabeth St, between Brisbane & Mellville St","Lazer cut aluminium, human silhouette",,,Bike Rack,http://hccapps.hobartcity.com.au/gis/PublicArt/IMG_0100.JPG,,,,
147.323903463934812,-42.879913967451913,59,Ken Betlehem,Dazza,2010,Aluminium,"Elizabeth St, between Brisbane & Mellville St","Lazer cut aluminium, human silhouette",,,Bike Rack,http://hccapps.hobartcity.com.au/gis/PublicArt/IMG_0100.JPG,,,,
147.32397653716626,-42.879948071674818,60,Ken Betlehem,Gazza,2010,Aluminium,"Elizabeth St, between Brisbane & Mellville St","Lazer cut aluminium, human silhouette",,,Bike Rack,http://hccapps.hobartcity.com.au/gis/PublicArt/IMG_0100.JPG,,,,
147.319938385165443,-42.886445224089677,61,Ken Betlehem,Ez,2010,Aluminium,Golburn & Molle Street,"Lazer cut aluminium, human silhouette",,,Bike Rack,http://hccapps.hobartcity.com.au/gis/PublicArt/IMG_0061.JPG,,,,
147.334929704461985,-42.881219196756312,63,Ken Betlehem,Fred,2010,Aluminium,Hunter St,"Lazer cut aluminium, human silhouette",,,Bike Rack,http://hccapps.hobartcity.com.au/gis/PublicArt/IMG_0077.JPG,,,,
147.332227984515555,-42.88686006898552,64,Ken Betlehem,Fred,2010,Aluminium,Salamanca Square,"Lazer cut aluminium, human silhouette",,,Bike Rack,http://hccapps.hobartcity.com.au/gis/PublicArt/IMG_0080.JPG,,,,
147.332204102440443,-42.886927486807217,65,Ken Betlehem,Mac,2010,Aluminium,Salamanca Square,"Lazer cut aluminium, human silhouette",,,Bike Rack,http://hccapps.hobartcity.com.au/gis/PublicArt/IMG_0081.JPG,,,,
147.33215874532408,-42.887008833225195,66,Ken Betlehem,Charlie,2010,Aluminium,Salamanca Square,"Lazer cut aluminium, human silhouette",,,Bike Rack,http://hccapps.hobartcity.com.au/gis/PublicArt/IMG_0081.JPG,,,,
147.333160914876117,-42.887231183312785,67,Ken Betlehem,Jo & Edie,2010,Aluminium,Salamanca Square,"Lazer cut aluminium, human silhouette",,,Bike Rack,http://hccapps.hobartcity.com.au/gis/PublicArt/IMG_0083.JPG,,,,
147.333185539338388,-42.887231111653001,68,Ken Betlehem,Charlie Kik & Rose,2010,Aluminium,Salamanca Square,"Lazer cut aluminium, human silhouette",,,Bike Rack,http://hccapps.hobartcity.com.au/gis/PublicArt/IMG_0084.JPG,,,,
147.333173676032089,-42.887242201931414,69,Ken Betlehem,Ruby,2010,Aluminium,Salamanca Square,"Lazer cut aluminium, human silhouette",,,Bike Rack,http://hccapps.hobartcity.com.au/gis/PublicArt/IMG_0061.jpg,,,,
147.33464517416914,-42.886639185799133,70,"Futago, Judith Abell, Chris Viney",1883,2010,"Stone, Steel",Salamanca Palce,Steel cages with stone chips,211991,1883,Battery Point Trail,http://hccapps.hobartcity.com.au/gis/PublicArt/1833_073.jpg,,,,
147.337550966096984,-42.886599124404825,71,"Futago, Judith Abell, Chris Viney",12.43,2010,"Concrete, Steel and Resin",Castray Esplanade,,211992,1243,Battery Point Trail,http://hccapps.hobartcity.com.au/gis/PublicArt/12.43_083.jpg,,,,
147.339189039056777,-42.887432123209763,72,"Futago, Judith Abell, Chris Viney",628 nm,2010,Glass,Castray Eplanade foreshore,,211993,628,Battery Point Trail,http://hccapps.hobartcity.com.au/gis/PublicArt/628_030.jpg,,,,
147.337949001213843,-42.88901121558775,73,"Futago, Judith Abell, Chris Viney",2000,2010,"Steel, Concrete",Finlay Street foreshore,steel wrapped around concrete retaining wall,211994,2000,Battery Point Trail,http://hccapps.hobartcity.com.au/gis/PublicArt/Battery_point_pics_027_(Small).jpg,,,,
147.338538140644147,-42.890180799109487,74,"Futago, Judith Abell, Chris Viney",1923,2010,"Wire Mesh, Plants",Clarke Avenue,wire cage containing topiary plant,,1923,Battery Point Trail,http://hccapps.hobartcity.com.au/gis/PublicArt/Battery_point_pics_037_(Small).jpg,,,,
147.337375539892463,-42.892318399748497,75,"Futago, Judith Abell, Chris Viney",313,2010,,Derwent Lane jetty,,,313,Battery Point Trail,http://hccapps.hobartcity.com.au/gis/PublicArt/313_009.jpg,,,,
147.33548245480921,-42.892275636962559,76,"Futago, Judith Abell, Chris Viney",1250,2010,,Napoleon Street,,,1250,Battery Point Trail,http://hccapps.hobartcity.com.au/gis/PublicArt/1250_053.jpg,,,,
147.334686225554492,-42.893312140920642,77,"Futago, Judith Abell, Chris Viney",24,2010,,Napoleon Street,Resin,,24,Battery Point Trail,http://hccapps.hobartcity.com.au/gis/PublicArt/Battery_point_pics_072_(Small).jpg,,,,
147.333587842183618,-42.89438818219709,78,"Futago, Judith Abell, Chris Viney",1909,2010,,Marieville esplanade foreshore,painted steel sculpture,,1909,Battery Point Trail,http://hccapps.hobartcity.com.au/gis/PublicArt/Battery_point_pics_072_(Small).jpg,,,,
147.357242402410151,-42.910217626826487,79,Ari Purhonen ,Beacon,2013,"Timber, Stainless Steel",Long Beach Sandy Bay,stainless steel and celery top pine tower,219337,,Art,http://hccapps.hobartcity.com.au/gis/PublicArt/Ari_Purhonen_WEB_039.jpg,http://hccapps.hobartcity.com.au/gis/PublicArt/Ari_Purhonen_WEB_015.jpg,,,
147.330305190460052,-42.886061028844011,80,Justy Phillips,The yellow line,2013,"Aluminium, Acrylic, LED lights",Salamanca Place,Inground light box,,,Urban Art,http://hccapps.hobartcity.com.au/gis/PublicArt/In_the_Wake_of_your_Courage_I_swim.jpg,,,,
147.330040994904977,-42.885892375710895,81,Justy Phillips,The yellow line,2013,"Aluminium, Acrylic, LED lights",Salamanca Place,Inground light box,,,Urban Art,http://hccapps.hobartcity.com.au/gis/PublicArt/Forgive_me_for_not_holding_you_in_my_arms.jpg,,,,
147.333000778230996,-42.870591572936682,121,"Patrick Hall, Lynda Warner & Chirs Viney",Beaumaris Zoo gate,2002,"Steel, Tiles, Images","Carriage Drive, Queens Domain",,,50,Public Art,http://hccapps.hobartcity.com.au/gis/PublicArt/image39.jpeg,,,,
147.333479996488052,-42.865117020037246,122,Stephen Walker,Antipodean Voyage,1972,"Houn Pine, Steel",Royal Tasmania Botanical Gardens,Huion pine fountain sculpture,,51,Sculpture,http://hccapps.hobartcity.com.au/gis/PublicArt/Antipodean Voyage.jpg,,,,
147.357278279413947,-42.913817008863781,123,Ronald Sinclair,Long Beach bathing pavillion,1962,Concrete,"Bathing Pavillion, Long Beach Sandy Bay",Bas-relief,,52,Public Art,http://hccapps.hobartcity.com.au/gis/PublicArt/image43.jpeg,,,,
147.290781591017634,-42.890647770841873,124,Audrey Hutchinson,Tree Sculpture,1986,,McRobies Gully Recycling centre,Sculpture,,53,Sculpture,http://hccapps.hobartcity.com.au/gis/PublicArt/image70.jpeg,,,,
147.290747507836642,-42.890663446399131,125,Aquila Night,Recycled Gate,1985,Steel,McRobies Gully Recycling centre,Sculpture,,54,Sculpture,http://hccapps.hobartcity.com.au/gis/PublicArt/image71.jpeg,,,,
147.292681125952612,-42.907699163246342,126,Robert Morris-Nunn,Pipe sculpture,1993,,Waterworks reserve,,,55,Sculpture,http://hccapps.hobartcity.com.au/gis/PublicArt/image72.jpeg,,,,
147.328519546096942,-42.881340562929637,127,"Tom Samek, Bevan Reeves",Play equipment,1997,"Timber, Paint",Wellington Court,Wooden play equipment and sculpted shapes,,,Public Art,http://hccapps.hobartcity.com.au/gis/PublicArt/image15.jpeg,,,,
147.32445184063991,-42.882247838101492,128,"Julie Stoneman, Richard Bladel","Youth Arts Project, Bidencopes Lane",1998,Aluminium bands bearing text on walls,Bidencopes Lane,,,,Public Art,http://hccapps.hobartcity.com.au/gis/PublicArt/image24.jpeg,,,,
147.332783928517728,-42.879190421770048,129,Unknown,Art pavers,1998,Pavers,Collins Street,Art pavers,,,Public Art,http://hccapps.hobartcity.com.au/gis/PublicArt/image25.jpeg,,,,
147.325411802811857,-42.883943073332119,130,Julie Hawkins,The More Things Change …,2002,Metal,Victoria Walk,Metal interpretive signs,,,Public Art,http://hccapps.hobartcity.com.au/gis/PublicArt/image26.jpeg,,,,
147.325441105700719,-42.883970152615554,131,Julie Hawkins,The More Things Change …,2002,Metal,Victoria Walk,Metal interpretive signs,,,Public Art,http://hccapps.hobartcity.com.au/gis/PublicArt/image26.jpeg,,,,
147.325601232779036,-42.884106937539492,132,Julie Hawkins,Welcome to Victoria Walk,2002,Aluminium,Victoria walk,Interpretive sign,,,Public Art,http://hccapps.hobartcity.com.au/gis/PublicArt/image27.jpeg,,,,
147.330817118413194,-42.882510898495212,133,Vlase Nikoleski,Endeavour plaque,1970,Bronze,"Hobart Town Hall, Maquarie st","Bronze representation of Cook's ship, Endeavour",94474,,Sculpture,http://hccapps.hobartcity.com.au/gis/PublicArt/image28.jpeg,,,,
147.329971380779853,-42.88313046358676,134,Leonard Jennings,Edward VII Peacemaker,1921,Bronze,Franklin Square,Statue of a Edward VII,94550,,Public Art,http://hccapps.hobartcity.com.au/gis/PublicArt/image29.jpeg,,,,
147.330388084934128,-42.883605988783366,135,M Racci,Dr William Lodewyk Crowther,1889,Bronze,Franklin Square,Bronze statue of William Crowther,5619,,Public Art,http://hccapps.hobartcity.com.au/gis/PublicArt/image30.jpeg,,,,
147.330235468914651,-42.883352174489247,136,Unknown,John Franklin fountain,1864,Bronze,Franklin Square,Bronze statue and fountain,,,Public Art,http://hccapps.hobartcity.com.au/gis/PublicArt/image31.jpeg,http://hccapps.hobartcity.com.au/gis/PublicArt/image32.jpeg,,,
147.336547465935269,-42.877820186686762,137,"Bernard Walker, Elizabeth Conlon",Hobart Cenotaph,1925,"Stone, Bronze",Regatta Grounds,"Granite obelisk, bluestone base",,,Memorial,http://hccapps.hobartcity.com.au/gis/PublicArt/image37.jpeg,,,,
147.333500552037123,-42.876133179076845,138,Benjamin Sheppard,Boer War memorial,1905,"Bronze, Stone",Queens Domain,Bronze statue of Boer War soldier,,,Memorial,http://hccapps.hobartcity.com.au/gis/PublicArt/image36.jpeg,,,,
147.337636187551965,-42.887761428373544,139,Lorraine and Bob Jennings,Monument to the Canadian convicts,1995,"Stone, Glass",Princes Park,,,,Memorial,http://hccapps.hobartcity.com.au/gis/PublicArt/image42.jpeg,,,,
147.316471267924868,-42.876944471763416,140,Bruce Pringle,Gate,1990,Wrought Iron,North Hobart Cultural Park,Curly wrought iron gate,,,Public Art,http://hccapps.hobartcity.com.au/gis/PublicArt/image53.jpeg,,,,
147.316939056120901,-42.877088956053846,141,"Linda Warner, Juile Stoneman, Chris Viney",Migration Wall,2001,Paint,North Hobart Memorial Park,Mural,,,Public Art,http://hccapps.hobartcity.com.au/gis/PublicArt/image54.jpeg,,,,
147.310992447401901,-42.86428880694362,142,Unknown,Poem Monument,1993,Stone,Stoke Street Reserve,Granite block with the text,,,Memorial,http://hccapps.hobartcity.com.au/gis/PublicArt/image55.jpeg,,,,
147.282181888357172,-42.863389005861698,143,Greg Duncan,Penny-farthing sculpture,1997,Steel,Girrabong Rd and Lennah Valley Road.,Red-painted welded iron sculpture,,,Urban Art,http://hccapps.hobartcity.com.au/gis/PublicArt/image55.jpeg,,,,
147.276164561453271,-42.857746247653267,144,Julie Stoneman,Totem Pole,,"Timber, Paint","Risely Court Playground, Lenah Valley",Totem Pole,,,Sculpture,http://hccapps.hobartcity.com.au/gis/PublicArt/image57.jpeg,,,,
147.282594383674507,-42.860112900261072,145,Julie Stoneman,Totem Pole,,"Timber, Paint",Kalang avenue Playground.,Celery top pine totem pole,,,Sculpture,http://hccapps.hobartcity.com.au/gis/PublicArt/image58.jpeg,,,,
147.313154733042808,-42.882095289999356,147,"Juile Stoneman, various",BBQ pit mural,1995,"Concrete, Steel, Tiles",Train Park West Hobart,Mural,,,Public Art,http://hccapps.hobartcity.com.au/gis/PublicArt/image67.jpeg,,,,
147.30436321684067,-42.89437273400511,148,Julie Stoneman,Interpretive Sculpture,2003,Steel,Hobart Rivulet linear park near McFarlane Street,Steel girders with informative plates,65320,,Sculpture,http://hccapps.hobartcity.com.au/gis/PublicArt/image68.jpeg,,,,
147.309560440381546,-42.895396781750144,149,Unknown,Mural,1982,Paint,Anglesea Street,Painted Mural,,,Public Art,http://hccapps.hobartcity.com.au/gis/PublicArt/image69.jpeg,,No,,
147.331780185253137,-42.881728845536401,150,Ken Betlehelm,Dazza,2010,Aluminium,"TMAG, 40 Macquarie Street","Lazer cut aluminium, human silhouette",,,Bike Rack,http://hccapps.hobartcity.com.au/gis/PublicArt/IMG_0074.jpg,,,,
147.335541112203316,-42.881742066819385,151,,Queen Elizabeth 50th Anniversary,1954,"Granite, Bronze",Hunter Street,Memorial,,,Memorial,http://hccapps.hobartcity.com.au/gis/PublicArt/IMG_0076.JPG,,,,
147.280690404824412,-42.864907752877343,153,"Sue Small, Wendy Edwards and Simon Pankhurst ",People and their imprints,2014,"Steel, Ceramic Tiles, concrete",New Town Rivulet Linear Park ,,,,"Flora, Fauna and Foray",http://hccapps.hobartcity.com.au/gis/PublicArt/Foray_1_-_People_and_their_imprints_-_Image_by_Jonathan_Wherrett_web.jpg,,,,
147.277737831253091,-42.865219932833902,154,"Sue Small, Wendy Edwards and Simon Pankhurst ",Threatened fauna,2014,"Steel, Ceramic Tiles, concrete",New Town Rivulet Linear Park ,,,,"Flora, Fauna and Foray",http://hccapps.hobartcity.com.au/gis/PublicArt/Foray_2_-_Threatened_Fauna_-_Image_by_Jonathan_Wherrett_web.jpg,,,,
147.275744355226891,-42.865615507149059,155,"Sue Small, Wendy Edwards and Simon Pankhurst ",Flora,2014,"Steel, Ceramic Tiles, concrete",New Town Rivulet Linear Park ,Local plant species,,,"Flora, Fauna and Foray",http://hccapps.hobartcity.com.au/gis/PublicArt/Flora_-_Image_by_Jonathan_Wherrett_web.jpg,http://hccapps.hobartcity.com.au/gis/PublicArt/Flora_detail_-_Image_by_Jonathan_Wherrett_web.jpg,,,
147.270152459959149,-42.866801103842775,156,"Sue Small, Wendy Edwards and Simon Pankhurst ",Fauna,2014,"Steel, Ceramic Tiles, concrete",New Town Rivulet Linear Park ,Rivulet life,,,"Flora, Fauna and Foray",http://hccapps.hobartcity.com.au/gis/PublicArt/Fauna_-_Image_by_Jonathan_Wherrett_web.jpg,,,,
147.268406045106275,-42.86742470153721,157,"Sue Small, Wendy Edwards and Simon Pankhurst ",Geology,2014,"Steel, Ceramic Tiles, concrete",New Town Rivulet Linear Park ,,,,"Flora, Fauna and Foray",http://hccapps.hobartcity.com.au/gis/PublicArt/Foray_3_-_Geology_detail_-_Image_by_Jonathan_Wherrett_web.jpg,,,,
147.265335887331844,-42.870576961539975,160,"Sue Small, Wendy Edwards and Simon Pankhurst ",River fauna ,2014,"Steel, Ceramic Tiles, concrete",New Town Rivulet Linear Park ,,,,"Flora, Fauna and Foray",http://hccapps.hobartcity.com.au/gis/PublicArt/Foray_4_-_River_Fauna_-_Image_by_Jonathan_Wherrett_web.jpg,,,,
147.257059728118321,-42.874541515916391,161,"Sue Small, Wendy Edwards and Simon Pankhurst ",Vegetation,2014,"Steel, Ceramic Tiles, concrete",New Town Rivulet Linear Park ,,,,"Flora, Fauna and Foray",http://hccapps.hobartcity.com.au/gis/PublicArt/Foray_5_-_Vegetation_-_Image_by_Jonathan_Wherrett_web.jpg,,,,
147.328822970273649,-42.890973098522736,162,Ben Clifford,Tardiba and Benji,2017,Paint,"Sandy Bay Road & St Georges Terrace, Battery Point",Two portraits featuring a Tasmanian Devil and Thylacine. Both representing Tasmanian icons.,,9160,Signal Box Art,https://www.urbansmartprojects.com/generated/800w-3-4/img-8684-s-jpg-1508377937.jpg,https://www.urbansmartprojects.com/generated/800w-3-4/img-8708-s-jpg-1508377956.jpg,,3776,https://www.urbansmartprojects.com/gallery/3776
147.333896827140819,-42.880009681418819,163,Matthew Sloane,Bonorong,2017,Paint,"Macquarie Street & Evans Street, Hobart",Sunset silhouettes highlighting the need to slow down at dawn and dusk to save local wildlife and who to call if injured animals are found.,,9420,Signal Box Art,https://www.urbansmartprojects.com/generated/800w-3-4/20170506-132427-2-da22e4f.jpg,https://www.urbansmartprojects.com/generated/800w-3-4/20170506-132419-b09befa.jpg,,3778,https://www.urbansmartprojects.com/gallery/3778
147.324569616267013,-42.887209190968754,164,Laura Kennedy,beAware of microplastics,2017,Paint,"Macquarie Street & Barrack Street, Hobart","The design of my box is inspired by art nouveau wallpaper, in particular the fish shape is based on the work of Koloman Moser. I have taken his gorgeous continuous pattern and manipulated it to conceptually express the impact of microplastics on our ocean life.",,9172,Signal Box Art,https://www.urbansmartprojects.com/generated/800w-3-4/frontfromroadfull1-446b4b1.jpg,https://www.urbansmartprojects.com/generated/800w-3-4/backwithpurple-50f68a7.jpg,,3783,https://www.urbansmartprojects.com/gallery/3783
147.319451193062804,-42.873511278446358,165,Karen Lyttle,Dance with the Devil on Argyle,2017,Paint,"Argyle Street & Burnett Street, North Hobart",Incorporating a Tasmanian icon with the Scottish heritage that reflects Argyle & Burnett Streets.,,9133,Signal Box Art,https://www.urbansmartprojects.com/generated/800w-3-4/devil-1-a6f69c0.jpg,https://www.urbansmartprojects.com/generated/800w-3-4/devil-3-97c1fdc.jpg,,3784,https://www.urbansmartprojects.com/gallery/3784
147.323886667345533,-42.897459493772686,166,Shona Gates,Close Knit,2017,Paint,"Regent Street & Princess Street, Sandy Bay","This pop up forest joins the parade of trees along Regent, and other Sandy Bay streets, providing a thread of connection to the Eucalypt forest within which the nearby University campus dwells.  These decorated and yarn bombed versions, are designed to cause a little intrigue for commuters, and perhaps some reflection on nature in the urban environment.",,9170,Signal Box Art,https://www.urbansmartprojects.com/generated/800w-3-4/dsc-0814-1ea2521-1512006841.jpg,https://www.urbansmartprojects.com/generated/800w-3-4/dsc-0805-1659deb-1512006842.jpg,,3787,https://www.urbansmartprojects.com/gallery/3787
147.317827109745195,-42.871984631333994,167,Camilla Yencken,Pack Mentality,2017,Paint,"Argyle Street, Pedestrian Crossing Near George Street, North Hobart",A herd of masks. Softened wool and sharpened teeth. The wolf amongst the sheep.,,9193,Signal Box Art,https://www.urbansmartprojects.com/generated/800w-3-4/img-4169-561f4d8.jpg,https://www.urbansmartprojects.com/generated/800w-3-4/image1-12-1b7ea96.jpg,,3788,https://www.urbansmartprojects.com/gallery/3788
147.326679129505862,-42.894618880987359,168,Cathy McAuliffe,Secrets of Sandy Bay,2017,Paint,"Sandy Bay Road & King Street, Sandy Bay","The Tale
Governor King hinted at the closure of Norfolk Island, softening to requesting volunteers to settle VDL, but only 5 family's did so, King responded, sending 500 people between 1807-1808.
Virgin soil, low stores, and poor tools awaited them, their descendants would be the beneficiaries of their toil. The settlers legacy can be traced by the seeds they brought with them, notably the Hawthorne Hedges and towering Norfolk Island Pines.

The Sentiment
""We have grown weary of the Governor, shoving us about the South Pacific, forcing our lot upon us, tearing us from the home we forged. Now, with aging bodies, meagre strength and diminished enthusiasm, we now work unfavourable ground. We suffered financial loss,and demand compensation. O must we start over again.",,9150,Signal Box Art,https://www.urbansmartprojects.com/generated/800w-3-4/cmd-signalbox-view4-4bbe65f.jpg,https://www.urbansmartprojects.com/generated/800w-3-4/cmd-signalbox-view2-880c417.jpg,,3838,https://www.urbansmartprojects.com/gallery/3838
147.328072862567353,-42.895918489429903,169,Paul Eggins,Untitled,2017,Paint,"Sandy Bay Road & Russell Crescent, Sandy Bay",A visual abstraction of the topographical road map of the Sandy Bay area located directly around the traffic control box.,,9425,Signal Box Art,https://www.urbansmartprojects.com/generated/800w-3-4/img-3836-c1099b0-1504655058.jpg,https://www.urbansmartprojects.com/generated/800w-3-4/img-3806-603d4df-1504655058.jpg,,3846,https://www.urbansmartprojects.com/gallery/3846
147.33159193450075,-42.883213000185435,170,Cathy McAuliffe,The Seasons of Van Diemen's,2018,Paint,"Elizabeth Street & Davey Street, Hobart","Hobart's weather is very changeable. Tourists get a real sense of this when they walk out of the Travel Centre and into the headwind of a southerly icy gale. This is a lighthearted look at the seasons, with a high likelihood of experiencing all in one day.",,9148,Signal Box Art,https://www.urbansmartprojects.com/generated/800w-3-4/cmd-box9-jpg-1515985502.jpg,https://www.urbansmartprojects.com/generated/800w-3-4/cmd-box4-jpg-1515985599.jpg,,3917,https://www.urbansmartprojects.com/gallery/3917
147.326702856064571,-42.88562995694982,171,Pema Choo,Even This Shall Pass,2018,Paint,"Macquarie Street & Harrington Street, Hobart",The human form and the native Tasmanian species of fagus exploring changes and seasons through colour.,,9102,Signal Box Art,https://www.urbansmartprojects.com/generated/800w-3-4/img-6204-jpg-jpeg-1516586529.jpg,https://www.urbansmartprojects.com/generated/800w-3-4/img-6205-jpg-jpg-1516586544.jpg,,3945,https://www.urbansmartprojects.com/gallery/3945
147.321404159607511,-42.885023926559555,172,Wenhao Deng,A Walk of Nature,2018,Paint,"Barrack Street & Goulburn Street, Hobart","Our fascinating bushwalking and wildlife spotting experience in Tasmania makes it natural to visualise our impression towards this beautiful state, where people, domesticated animal and wildlife can live together in harmony.",,9405,Signal Box Art,https://www.urbansmartprojects.com/generated/800w-3-4/l1002212-jpg-1521415462.jpg,https://www.urbansmartprojects.com/generated/800w-3-4/l1002219-jpg-1521415487.jpg,,3965,https://www.urbansmartprojects.com/gallery/3965
147.329563856385079,-42.884362959411746,173,Rory Lefroy,Safe With Us Now,2011,Paint,"Davey Street & Murray Street, Hobart","Features 10 Murray St, a building earmarked for demolition - a fantasy where the building is rescued by Tasmanian Tigers and relocated.",,9103,Signal Box Art,https://www.urbansmartprojects.com/generated/800w-3-4/p1060656-9d9390d.jpg,https://www.urbansmartprojects.com/generated/800w-3-4/p1060657-4692354.jpg,,2252,https://www.urbansmartprojects.com/gallery/2252
147.324491763226433,-42.880252182057944,174,Aspire Foundation,Aspired,2011,Paint,"Elizabeth Street & Melville Street, Hobart",The artwork is a subconscious reflection on the mingling of natural and man-made environments.  Lines and colour create spontaneous harmonies.,,9134,Signal Box Art,http://hccapps.hobartcity.com.au/gis/PublicArt/9134_1.jpg,http://hccapps.hobartcity.com.au/gis/PublicArt/9134_2.jpg,,2254,https://www.urbansmartprojects.com/gallery/2254
147.329978790282269,-42.882826889186482,176,Create Foundation,From darkness we all can find the light,2011,Paint,"Macquarie Street & Elizabeth Street, Hobart","This design portrays a young person feeling alone, scared and wrought with feelings of self harm and abandonment.  As a result of loving and supportive carers, the young person is able to move towards a brighter, happier future.
“Our artwork is trying to show how you can get from the dark side of life to the other by simply taking a chance. If you take that chance and step out of the darkness you'll find your life is more beautiful!”  Bek, 22 years old.",,9111,Signal Box Art,https://www.urbansmartprojects.com/generated/800w-3-4/p1040507-bc5b25e.jpg,https://www.urbansmartprojects.com/generated/800w-3-4/p1040508-e481cd3.jpg,,2258,https://www.urbansmartprojects.com/gallery/2258
147.325516203029764,-42.882570463469555,177,Headway ,Such is Life,2011,Paint,"Liverpool Street & Murray Street, Hobart",Designs from workshops conducted at Headway. An organisation involving people with brain injuries. They decided that they wanted their injuries to be the subject of the art work. These images were designed by headway participants.,,9113,Signal Box Art,http://hccapps.hobartcity.com.au/gis/PublicArt/9113_a.jpg,http://hccapps.hobartcity.com.au/gis/PublicArt/9113_b.jpg,,2259,https://www.urbansmartprojects.com/gallery/2259
147.326933096238605,-42.881266758298707,178,"Department of Justice, Risdon Prison",At What Cost?,2011,Paint,"Elizabeth Street & Liverpool Street, Hobart",The Risdon Prison Project emphasised the beauty and value of Nature. In keeping with this environmental theme the design hilights iconic Tassie features such as Cradle Mountain and Wineglass Bay. The illusive Tasmanian Tiger is glimpsed and tracks are found growing in vines. The curves in this design mirror the architecture in the public space across the road and the design maintains a sense of fun and vibrancy.,,9114,Signal Box Art,http://hccapps.hobartcity.com.au/gis/PublicArt/9114_1.jpg,http://hccapps.hobartcity.com.au/gis/PublicArt/9114_2.jpg,,2260,https://www.urbansmartprojects.com/gallery/2260
147.331161750256456,-42.885188148330684,179,Oak Tasmania,Moving On,2011,Paint,"Morrison Street & Murray Street, Hobart",,,9177,Signal Box Art,http://hccapps.hobartcity.com.au/gis/PublicArt/9177_1.jpg,http://hccapps.hobartcity.com.au/gis/PublicArt/9177_2.jpg,,2261,https://www.urbansmartprojects.com/gallery/2261
147.329959680707361,-42.881064975767138,180,Oakdale Services Tasmania,Holiday Time,2011,Paint,"Argyle Street & Collins Street, Hobart","Oakdale Services clients Joy, Gary, Mary, Peter, Janine, Julie and Sandra had fun imagining where they would go or what they might do on vacation.",,9110,Signal Box Art,https://www.urbansmartprojects.com/generated/800w-3-4/photo0540-6fb0daa.jpg,https://www.urbansmartprojects.com/generated/800w-3-4/photo0535-dbe638e.jpg,,2262,https://www.urbansmartprojects.com/gallery/2262
147.327438706451346,-42.883318522893646,181,Tascare Society for Children,Tascare Society for Children,2011,Paint,"Murray Street & Collins Street, Hobart",There is a community for everyone.,,9112,Signal Box Art,https://www.urbansmartprojects.com/generated/800w-3-4/1a-5ba0f66.jpg,https://www.urbansmartprojects.com/generated/800w-3-4/2a-3d4afda.jpg,,2266,https://www.urbansmartprojects.com/gallery/2266
147.331368074574385,-42.882042642441348,182,MADE (Mature Age Dance Experience),MADE,2011,Paint,"Macquarie Street & Argyle Street, Hobart",Ornate wallpaper,,9106,Signal Box Art,http://hccapps.hobartcity.com.au/gis/PublicArt/9106_2.jpg,http://hccapps.hobartcity.com.au/gis/PublicArt/9106_detail.jpg,,2267,https://www.urbansmartprojects.com/gallery/2267
147.315882520212114,-42.873626430080627,184,Palawa Aboriginal Corporation,Island & Ocean,2012,Paint,"Elizabeth Street & Pedestrian Crossing, North Hobart",This is a depiction of our island culture and the intertwining of the ocean's resources as used by the Tasmanian Aboriginal community.  It also includes traditional symbols of importance to our community.,,9123,Signal Box Art,https://www.urbansmartprojects.com/generated/800w-3-4/palawa-distance-6ff833d.jpg,https://www.urbansmartprojects.com/generated/800w-3-4/palawa-front-right-side-da7fd3e.jpg,,2321,https://www.urbansmartprojects.com/gallery/2321
147.314549726258065,-42.871978022114995,185,Geordie Duncan,Totem Sun-Whale Eye,2011,Paint,"Elizabeth Street & Federal Street, North Hobart",It refers to Hobart’s history as a whaling port.,,9138,Signal Box Art,http://hccapps.hobartcity.com.au/gis/PublicArt/9138_1.jpg,http://hccapps.hobartcity.com.au/gis/PublicArt/9138_2.jpg,,2328,https://www.urbansmartprojects.com/gallery/2328
147.326752619849344,-42.883207475981081,186,Community Friends & Networks Program,Community Friends,2011,Paint,"Murray Street, Pedestrian Crossing, Hobart",A collaboration between international university students and primary school children and their interpretation of community.,,9408,Signal Box Art,http://hccapps.hobartcity.com.au/gis/PublicArt/9408_1.jpg,http://hccapps.hobartcity.com.au/gis/PublicArt/9408_2.jpg,,2469,https://www.urbansmartprojects.com/gallery/2469
147.332197616973048,-42.883458900817104,187,Hilliard Christian School,Summer Fun in Hobart,2011,Paint,"Elizabeth Street & Morrison Street, Hobart","The students that designed this box wanted to show Tassie as 'the end of the rainbow', a treasure box full of surprises. They wanted to show all the great things that the Waterfront is known for (eg) yummy food, great times, the Sydney Hobart Yacht Race (they even researched the winner of the very first race). Of course they wanted to show the never ending struggle between seagulls and their love of hot chippies. They also wanted to acknowledge that the Signal Box is at the beginning of Elizabeth Street - and also to showcase the ever beautiful River Derwent.",,9179,Signal Box Art,http://hccapps.hobartcity.com.au/gis/PublicArt/9179_1.jpg,http://hccapps.hobartcity.com.au/gis/PublicArt/9179_2.jpg,,2519,https://www.urbansmartprojects.com/gallery/2519
147.327447863639321,-42.886368601238871,188,Migrant Resource Centre Southern Tasmania,No Trees No City,2011,Paint,"Davey Street & Harrington Street, Hobart",If there are no trees we have nothing.,,9101,Signal Box Art,http://hccapps.hobartcity.com.au/gis/PublicArt/9101_a.jpg,http://hccapps.hobartcity.com.au/gis/PublicArt/9101_b.jpg,,2536,https://www.urbansmartprojects.com/gallery/2536
147.325835038753041,-42.880821350636467,189,Lee Menzie,The Many Layers of Bathurst Street,2011,Paint,"Elizabeth Street & Bathurst Street, Hobart","My Children wanted to show all the great things you could see from the Signal Box...there are shops, a library, a post office, a theatre, yummy food shops and lots of smiles from the locals, never forgetting the ever present traffic lights, sending us in lots of interesting and great directions...we love our city and we loved designing and showcasing the many layers of Bathurst Street.",,9121,Signal Box Art,https://www.urbansmartprojects.com/generated/800w-3-4/img-5691-aff86ac.jpg,https://www.urbansmartprojects.com/generated/800w-3-4/img-5694-720123b.jpg,,2557,https://www.urbansmartprojects.com/gallery/2557
147.329372391960618,-42.880929334695338,190,Krista Rosewarne,Forever Young,2011,Paint,"Argyle Street, Near Royal Hobart Hospital, Hobart","Silhouttes of children from Hobart, all of whom have had some involvement with the hospital opposite.Now forever young, with symbols of Hobart painted within their frames; of river, mountain, earth and sun.",,9429,Signal Box Art,http://hccapps.hobartcity.com.au/gis/PublicArt/9429_a_.jpg,http://hccapps.hobartcity.com.au/gis/PublicArt/9429_b.jpg,,2577,https://www.urbansmartprojects.com/gallery/2577
147.323425069037654,-42.874402699237827,192,Campbell Street Primary School,Our School in our Community,2012,Paint,"Campbell Street & Warwick Street, Hobart","The Campbell Street logo with circles, hold continents of the world which represent our multicultural school.",,9437,Signal Box Art,http://hccapps.hobartcity.com.au/gis/PublicArt/9437_Small.jpg,http://hccapps.hobartcity.com.au/gis/PublicArt/9437_2Small.jpg,,2684,https://www.urbansmartprojects.com/gallery/2684
147.325255933699196,-42.884904539818905,193,Tasmanian eSchool,Flicks,2012,Paint,"Collins Street & Harrington Street, Hobart",Students arrived at design because of proximity to major cinema complex.,,9131,Signal Box Art,http://hccapps.hobartcity.com.au/gis/PublicArt/9131_2_Small.jpg,http://hccapps.hobartcity.com.au/gis/PublicArt/9131_4_Small.jpg,,2697,https://www.urbansmartprojects.com/gallery/2697
147.328303090157817,-42.880174006573903,194,"Tasmanian Polytechnic, Migrant Education Hands On English classes",Hands On Tasmania,2012,Paint,"Argyle Street & Liverpool Street, Hobart",New responses to Tasmania.,,9109,Signal Box Art,https://www.urbansmartprojects.com/generated/800w-3-4/dscf3089-1-8412608.jpg,https://www.urbansmartprojects.com/generated/800w-3-4/dscf3091-3799df2.jpg,,2701,https://www.urbansmartprojects.com/gallery/2701
147.321872656608434,-42.882278488643884,196,Guilford Young College,Sense of Place,2012,Paint,"Harrington Street & Melville Street, Hobart","Each face of the box corresponds with the mapped land beyond it. In other words, facing south down Harrington Street, the facet shows the map of the land beyond the box. At the top of each facet, the urban mapped landscape gives way to the land underneath, the land of the traditional custodians, the Mouheneenner People.",,9466,Signal Box Art,http://hccapps.hobartcity.com.au/gis/PublicArt/9466_Small.jpg,http://hccapps.hobartcity.com.au/gis/PublicArt/9466_3_Small.jpg,,2712,https://www.urbansmartprojects.com/gallery/2712
147.325488230209885,-42.887608208531233,197,Community Rehabilitation Unit Art Group,Live,2012,Paint,"Barrack Street & Davey Street, Hobart","The design represents health services which have been provided on this site 90 Davey St., historically and currently. The Community Rehabilitation Unit provides a physical rehabilitation service for outpatients. The blues in our design reflect health/hospital settings. Parts of human body represented indicate a focus on specific areas of the body in relation to the rehabilitation needs of individuals requiring skilled health workers in many disciplines to guide the rehabilitation process.",,9175,Signal Box Art,http://hccapps.hobartcity.com.au/gis/PublicArt/9175_view_3_Small.bmp,http://hccapps.hobartcity.com.au/gis/PublicArt/9175_view_2_Small.bmp,,2713,https://www.urbansmartprojects.com/gallery/2713
147.322619119860633,-42.888433910358799,198,St Michael's Collegiate School,Catching Your Eye,2012,Paint,"Macquarie Street & Molle Street, Hobart",This design is made up of the eye catching things that surround our block. It connects  key symbols of the school to the symbols of the urban environment in a bright and colourful way.,,9140,Signal Box Art,https://www.urbansmartprojects.com/generated/800w-3-4/collegiate-angle2-d5b7c48.jpg,https://www.urbansmartprojects.com/generated/800w-3-4/collegiate-side-angle-b12eb29.jpg,,2715,https://www.urbansmartprojects.com/gallery/2715
147.322433664091761,-42.885723712317429,199,Caroline Amos,Scotch Thistle Tavern 1828,2012,Paint,"Barrack Street & Liverpool Street, Hobart","The site of the original Scotch Thistle tavern is on the opposite street corner. (Grey Building, on the other side of image with front of tavern showing).",,9129,Signal Box Art,https://www.urbansmartprojects.com/generated/800w-3-4/dsc-2173-1d245c5.jpg,https://www.urbansmartprojects.com/generated/800w-3-4/dsc-2182-25a249d.jpg,,2720,https://www.urbansmartprojects.com/gallery/2720
147.326629586402703,-42.876971373964096,200,Hayley Francis,The Brisbane Stack,2012,Paint,"Brisbane Street & Campbell Street, Hobart","The box located on the corner of Brisbane and Campbell streets, right outside a popular live music venue in Hobart so I made the box into an iconic stack of amps. The TSB celebrates live and local music in Hobart.",,9415,Signal Box Art,http://hccapps.hobartcity.com.au/gis/PublicArt/9415_img-1660_w430_h620_Small.jpg,http://hccapps.hobartcity.com.au/gis/PublicArt/9415_img-1662-2_w430_h620_Small.jpg,,2726,https://www.urbansmartprojects.com/gallery/2726
147.332447801063523,-42.880726661515126,201,Lucy Hawthorne,The Pigeons of Hobart,2012,Paint,"Campbell Street & Macquarie Street, Hobart",A tribute to our feathery friends.,,9107,Signal Box Art,https://www.urbansmartprojects.com/generated/800w-3-4/front-4-3-9fd8d5c.jpg,https://www.urbansmartprojects.com/generated/800w-3-4/south-corner-d316d1c.jpg,,2743,https://www.urbansmartprojects.com/gallery/2743
147.324179045038193,-42.884130452612695,202,jan janssen Tasmania,Out of the Shadows,2012,Paint,"Harrington Street & Liverpool Street, Hobart","A core group from Epilepsy Tasmania, Hobart worked together to produce artwork which represents the following: Epilepsy being unmasked in the community to reduce stigma and promote acceptance. The image incorporates participants' experience of the actual process of physical tests for example E.E.G, Neuro conductor studies and synapses monitoring.
 
It depicts emotions that tell of living with conditions such as isolation, loneliness, misunderstanding and the daily impact of epilepsy such as triggers including heat, flashing lights, tiredness and stress.

Participants have found various responses to epilepsy in the community both negative and positive- this is represented by the  movement throughout the design.",,9118,Signal Box Art,https://www.urbansmartprojects.com/generated/800w-3-4/9118-1-1e53676.jpg,https://www.urbansmartprojects.com/generated/800w-3-4/finished-back-ep-boy-1-c460968.jpg,,2744,https://www.urbansmartprojects.com/gallery/2744
147.323303484519982,-42.87968220346027,203,Hannah Cardamatis,Seasons,2012,Paint,"Brisbane Street & Elizabeth Street, Hobart",Seasons of Hobart.,,9151,Signal Box Art,https://www.urbansmartprojects.com/generated/800w-3-4/dscn3124-c3c7e9a.jpg,https://www.urbansmartprojects.com/generated/800w-3-4/dscn3123-a04922c.jpg,,2759,https://www.urbansmartprojects.com/gallery/2759
147.331635953276589,-42.880105666861169,204,Youth Arts & Recreation Centre,Crazy Flower Pattern,2012,Paint,"Campbell Street & Collins Street, Hobart",Hand-drawn flower pattern designed by young people that access the Youth Arts & Recreation Centre,,9108,Signal Box Art,https://www.urbansmartprojects.com/generated/800w-3-4/picture-002-516fbd5.jpg,https://www.urbansmartprojects.com/generated/800w-3-4/img-1760-1cfe294.jpg,,2783,https://www.urbansmartprojects.com/gallery/2783
147.324266077470895,-42.881984436250498,205,Malou Zuidema,Forests of the Sea,2012,Paint,"Bathurst Street & Murray Street, Hobart","Giant Kelp forests create habitat of ecological and economic significance for iconic species such as the Southern Rock Lobster - important for Tasmanian fisheries. An overall decline of ~90% in this kelp has occurred over the past 50 years as warm, nutrient poor waters of the East Australian Current move further south, bringing sea urchin larvae which, when grown, go on to denude the abundant kelp forests; changing natural habitat and challenging the ecological balance for lobster and octopus populations.",,9119,Signal Box Art,http://hccapps.hobartcity.com.au/gis/PublicArt/9119-oceans-of-the-sea-front-malou-zuidema_w430_h620_Small.jpg,http://hccapps.hobartcity.com.au/gis/PublicArt/9119-oceans-of-the-sea-side-2-malou-zuidema_w430_h620_Small.jpg,,2827,https://www.urbansmartprojects.com/gallery/2827
147.320704419966205,-42.881686867422516,206,Tom O'Hern,Stump,2012,Paint,"Brisbane Street & Harrington Street, Hobart","A tree stump, made up of fine pattern.",,9149,Signal Box Art,http://hccapps.hobartcity.com.au/gis/PublicArt/9149_Small.jpg,http://hccapps.hobartcity.com.au/gis/PublicArt/9149_2Small.jpg,,2834,https://www.urbansmartprojects.com/gallery/2834
147.318003605688546,-42.893172316296244,207,iriXx ,Mandala,2012,Paint,"Davey Street & Southern Outlet, Hobart","This artwork takes its inspiration from the colours of the local environment, ethnographic art and fractal geometry. The Mandala is a symbol of unity and the vines and design represent unity, peace, harmony and community. The design was initially inspired by the music video 'Proboscis' by Paradox Explorer.",,9194,Signal Box Art,http://hccapps.hobartcity.com.au/gis/PublicArt/9194_Small.bmp,http://hccapps.hobartcity.com.au/gis/PublicArt/9194_2Small.bmp,,2859,https://www.urbansmartprojects.com/gallery/2859
147.319066494762694,-42.877841506294502,208,Steffi Koppelmann,Untitled,2012,Paint,"Elizabeth Street & Warwick Street, Hobart","An exploration of the connections that exist throughout society.  I am particularly interested in social links and interconnections created by our experiences, relationships and thought.",,9136,Signal Box Art,http://hccapps.hobartcity.com.au/gis/PublicArt/9136_Small.jpg,http://hccapps.hobartcity.com.au/gis/PublicArt/9136_2Small.jpg,,2997,https://www.urbansmartprojects.com/gallery/2997
147.317141287106466,-42.874483537032681,209,The Friends' School Kindergarten,Peace,2012,Paint,"Elizabeth Street & Burnett Street, Hobart","As The Friends' School is a quaker school we have decided to base our artwork and thinking for the signal box in Burnett St  around one of the quaker values, PEACE. We invited the
Kindergarten children to think what peace means to them. These are their comments:

There are lots of people around the world and they are are all being friends (Hannah).
The boats are drifting and bobbing in the sea (Raban).
The trees and snow are peaceful (Lochie).
The trees and flowers are friends (Andrew).
Ducks are swimming in the water peacefully (Harry).
The sun is friends with the trees (Haruka).
River, grass, and trees look peaceful (Sam).
Birds are peaceful (Jonas).",,9137,Signal Box Art,http://hccapps.hobartcity.com.au/gis/PublicArt/9137_2_Small.jpg,http://hccapps.hobartcity.com.au/gis/PublicArt/9137_1_Small.jpg,,2999,https://www.urbansmartprojects.com/gallery/2999
147.317330964714643,-42.892335720998709,210,Wendy Fitch,The Creature,2012,Paint,"Macquarie Street & Southern Outlet, Hobart","A strange fishlike rainbow-serpent-inspired creature bursting out from the asphalt, containing the creative essence of Hobart.",,9413,Signal Box Art,http://hccapps.hobartcity.com.au/gis/PublicArt/9413_p1020213-1-1_w430_h620_Small.jpg,http://hccapps.hobartcity.com.au/gis/PublicArt/9413_p1020215-1-1_w430_h620_Small.jpg,,3025,https://www.urbansmartprojects.com/gallery/3025
147.329128562785684,-42.882079418585228,211,Samuel Fenton,Courage,2012,Paint,"Elizabeth Street & Collins Street, Hobart","This artwork is an imitation of various shaped, oxidized metal sheets, riveted together, with foliage growing from the joins, obscuring sections of the rusty background. Heavily textured sandstone also features.",,9115,Signal Box Art,http://hccapps.hobartcity.com.au/gis/PublicArt/9115_2_Small.jpg,http://hccapps.hobartcity.com.au/gis/PublicArt/9115_5_Small.jpg,,3036,https://www.urbansmartprojects.com/gallery/3036
147.33193241086235,-42.882515869727925,212,Veronika Beinssen-Henry,Spotted Hand Fish and City of Gonad Jelly Fish,2016,Paint,"Davey Street & Argyle Street, Hobart",Detailed and bright illustrations of the Spotted Hand Fish and patterned images of the City of Gonad Jelly Fish.,,9105,Signal Box Art,https://www.urbansmartprojects.com/generated/800w-3-4/9105-1-1-e930af7.jpg,https://www.urbansmartprojects.com/generated/800w-3-4/image3-3-0a7be77.jpg,,3493,https://www.urbansmartprojects.com/gallery/3493
147.32050979981463,-42.891475353695753,213,Steffi Koppelmann,The Angels' Share,2016,Paint,"Antill Street & Davey Street, South Hobart","A celebration of the Tasmanian whisky industry, featuring imagery from the distillation process.  This design has been inspired by a variety of Tasmanian distilleries and depicts stills specific to Tasmanian whisky distilleries.
The box is located on one of Hobart",,9159,Signal Box Art,https://www.urbansmartprojects.com/generated/800w-3-4/img-0970-resize-ab18c05.jpg,https://www.urbansmartprojects.com/generated/800w-3-4/img-0968-resize-322a8d3.jpg,,3495,https://www.urbansmartprojects.com/gallery/3495
147.300570000514455,-42.853220000129632,214,Claremont College EAL Class,All Together,2015,Paint,"Main Road & Tower Road, New Town","We are a group of students studying in Hobart, Tasmania but we all come from many countries including Ethiopia, Thailand, Burma, Afghanistan, Iran and Pakistan.  We carry our cultures with us especially our languages.  We also carry hope that we can all live together safely in our new home and community with love, justice and friendship.",,9146,Signal Box Art,https://www.urbansmartprojects.com/generated/800w-3-4/img-3782-1-0f6a9f6.jpg,https://www.urbansmartprojects.com/generated/800w-3-4/img-3784-1-444972c.jpg,,3498,https://www.urbansmartprojects.com/gallery/3498
147.288567787049544,-42.862722994119999,215,Lenah Valley Primary School,Sustainability Matters,2015,Paint,"Augusta Road & Pottery Road, Lenah Valley",A collaboration of Year 6 students from Lenah Valley Primary School highlighting the importance of acting sustainably and caring for our local and world environment.,,9418,Signal Box Art,https://www.urbansmartprojects.com/generated/800w-3-4/img-3120-d4b720b.jpg,https://www.urbansmartprojects.com/generated/800w-3-4/img-3125-59602d6.jpg,,3499,https://www.urbansmartprojects.com/gallery/3499
147.295559955505411,-42.865661865000831,216,Lenah Valley Primary School,Native Fauna - Lenah Valley,2015,Paint,"Augusta Road & Giblin Street, Lenah Valley",A tessellation of squares and rectangles in green shades forms the background. Silhouettes of native fauna serves as the foreground.,,9181,Signal Box Art,https://www.urbansmartprojects.com/generated/800w-3-4/9181-front-b845a20.jpg,https://www.urbansmartprojects.com/generated/800w-3-4/9181-back-e891806.jpg,,3500,https://www.urbansmartprojects.com/gallery/3500
147.355240870432056,-42.913139546354031,217,Waimea Heights Primary School,Fish Tank,2016,Paint,"Sandy Bay Road, Near Beach Road, Sandy Bay","Rather than treat the box as four flat surfaces to paint on, the students tried to incorporate the shape of the box into the artwork itself.  Firstly we thought of turning the box into a shop, and then a robot, but the idea we finally chose was a fish-tank.  In order for this to 'work' we needed to paint in a realistic style. The three grade six students who painted the box, researched tropical fish, and each chose a fish to reproduce on the electrical box. To ensure each individual fish was the same, the students made templates from recycled x-rays to help them. The seaweed, rocks etc. were added later.",,9117,Signal Box Art,https://www.urbansmartprojects.com/generated/800w-3-4/img-0868-1-601d021.jpg,https://www.urbansmartprojects.com/generated/800w-3-4/img-0870-2e1486b.jpg,,3503,https://www.urbansmartprojects.com/gallery/3503
147.326158553554166,-42.891958664224234,218,Albuera Street Primary School,Tasmanian Animals,2016,Paint,"Sandy Bay Road & Byron Street, Sandy Bay",Tasmanian animals by Albuera street Primary students.,,9144,Signal Box Art,https://www.urbansmartprojects.com/generated/800w-3-4/img-7824-f1bcc48.jpg,https://www.urbansmartprojects.com/generated/800w-3-4/img-7828-cd94e3a.jpg,,3504,https://www.urbansmartprojects.com/gallery/3504
147.333727259576818,-42.901669502241958,219,The Hutchins School Kindergarten,Lions' Pride,2015,Paint,"Sandy Bay Road & Nelson Roads, Sandy Bay",As the box is located near our school we decided to show our pride in our school with a collection of lion paintings by our Pre-Kindergarten and Kindergarten boys.  The background will be Magenta which is also one of our school colours.,,9156,Signal Box Art,https://www.urbansmartprojects.com/generated/800w-3-4/12325851-1204144166267383-523675136-o-1-fa87f71.jpg,https://www.urbansmartprojects.com/generated/800w-3-4/12315142-1204144192934047-843974298-o-1-5b39ebc.jpg,,3505,https://www.urbansmartprojects.com/gallery/3505
147.319671400148508,-42.890824627868504,220,Deborah Wace,Forest Floor and Canopy,2017,Paint,"Macquarie Street & Antill Street, South Hobart","Orchid, fungi, leaf and fern. Some shapes and textures of natural forms found in Tasmania",,9122,Signal Box Art,https://www.urbansmartprojects.com/generated/800w-3-4/p1070246-2-c3066a2.jpg,https://www.urbansmartprojects.com/generated/800w-3-4/p1070244-ba444e8.jpg,,3508,https://www.urbansmartprojects.com/gallery/3508
147.348830855501575,-42.90984570745632,221,Sandy Bay Infant School,Seagulls,2016,Paint,"Sandy Bay Road & Near Canice Avenue, Lower Sandy Bay",Seagulls at the beach,,9431,Signal Box Art,https://www.urbansmartprojects.com/generated/800w-3-4/img-0180-1-a05b106.jpg,https://www.urbansmartprojects.com/generated/800w-3-4/img-0182-dee25d3.jpg,,3510,https://www.urbansmartprojects.com/gallery/3510
147.322703963671444,-42.87127945227482,222,Rachael Rose,Locals...,2015,Paint,"Brooker Avenue & Burnett Street, North Hobart",Eastern Rosellas and Blue Gums are native to Tasmania - a common sight on the Domain across the freeway and in nearby parks. They bring a splash of colour to a busy industrial area.,,9173,Signal Box Art,https://www.urbansmartprojects.com/generated/800w-3-4/back-1-3-1-4862abc.jpg,https://www.urbansmartprojects.com/generated/800w-3-4/front-19-2-94863a0.jpg,,3512,https://www.urbansmartprojects.com/gallery/3512
147.328857899289176,-42.8839316921703,223,Penny Carey-Wells,Cloud Temple,2016,Paint,"Macquarie Street & Murray Street, Hobart","Landscape/urbanscape referencing the Classical architecture, the iconic park and fountain in the near vicinity.",,9104,Signal Box Art,https://www.urbansmartprojects.com/generated/800w-3-4/10-fountain-1-7ca2ef1.jpg,https://www.urbansmartprojects.com/generated/800w-3-4/01-front-with-building-72022de.jpg,,3518,https://www.urbansmartprojects.com/gallery/3518
147.310836514436431,-42.864059707027202,225,"YMEP, Derwent and Tasman students","Parks, Stop and Enjoy",2016,Paint,"New Town Road & Argyle Street, New Town","Parks are a place to stop, enjoy and relax in. We looked at the surroundings, colours and things we enjoyed about the area. Birds are an important part of parks so we looked at the types of birds in the area. The images represent things in the  area and the colours of the seasons.",,9191,Signal Box Art,https://www.urbansmartprojects.com/generated/800w-3-4/img-2528-06b86fb.jpg,https://www.urbansmartprojects.com/generated/800w-3-4/img-2526-d1af41b.jpg,,3531,https://www.urbansmartprojects.com/gallery/3531
147.334012291931685,-42.87697344086817,226,Majella Eales,Community Radio Hobart,2016,Paint,"Liverpool Street & Tasman Highway, Hobart",This artwork is based around an outer space design with musical notes zooming around like shooting stars.  The artwork is based upon the idea of radio waves and their invisible presence within our atmosphere.,,9423,Signal Box Art,https://www.urbansmartprojects.com/generated/800w-3-4/img20161006145538-cc1dc9c.jpg,https://www.urbansmartprojects.com/generated/800w-3-4/img20161006145454-d654daf.jpg,,3532,https://www.urbansmartprojects.com/gallery/3532
147.303237602896104,-42.855867170867334,227,Anastasia Gardyne,Squares and Rectangles. But mostly Rectangles,2016,Paint,"New Town Road & Forster Street, New Town","Using vibrant colours, throwing in metallic, about the urban life and all the repetitive shapes and geometric lines, but giving it vibrancy and making it fun.",,9143,Signal Box Art,https://www.urbansmartprojects.com/generated/800w-3-4/9143-1-d6bb954.jpg,https://www.urbansmartprojects.com/generated/800w-3-4/9143-2-920668d.jpg,,3533,https://www.urbansmartprojects.com/gallery/3533
147.324512846712423,-42.873528838709476,228,Keitha Granville,Highway colour,2016,Paint,"Brooker Avenue & Warwick Street, Hobart","Traffic lights, headlights, tail-lights, complimented by houses, trees and flowers in the gardens and median strips.",,9174,Signal Box Art,https://www.urbansmartprojects.com/generated/800w-3-4/urban-f-2-59181de.jpg,https://www.urbansmartprojects.com/generated/800w-3-4/urban-h-1-5380c01.jpg,,3544,https://www.urbansmartprojects.com/gallery/3544
147.330058852921582,-42.878028031082117,229,Youth Arts and Rec Centre,Space Anime,2017,Paint,"Brooker Highway & Bathurst Street, Hobart",various anime images are suspended in scenes from the universe.,,9197,Signal Box Art,https://www.urbansmartprojects.com/generated/800w-4-3/9197-1-68cc29a.jpg,https://www.urbansmartprojects.com/generated/800w-4-3/9197-4-9f3e2a7.jpg,,3615,https://www.urbansmartprojects.com/gallery/3615
147.333176961834198,-42.88148743750196,230,Mark Buckland,Rap Around,2017,Paint,"Campbell Street & Davey Street, Hobart",A multi-coloured design hinting at an abstracted Hobart landscape that wraps around the box along with a spiralling text message where the tail end of one word forms the beginning of the next to provide verbal cues that shift depending on where your focus falls.,,9421,Signal Box Art,https://www.urbansmartprojects.com/generated/800w-3-4/img-8660-1-1614bae.jpg,https://www.urbansmartprojects.com/generated/800w-3-4/img-8680-b45962d.jpg,,3737,https://www.urbansmartprojects.com/gallery/3737
147.311528726114545,-42.867589439294356,231,Nicole O'Loughlin,Wycinanki Waratah,2017,Paint,"Elizabeth Street, New Town Road, New Town",Design is inspired by Polish embroidery and Tasmanian Flora and Fauna in response to the location of the signal box outside the Polish Club in New Town (Hobart) Tasmania.,,9127,Signal Box Art,https://www.urbansmartprojects.com/generated/800w-3-4/front-10-3-7eee7d7.jpg,https://www.urbansmartprojects.com/generated/800w-3-4/overall-shot-5d2686b.jpg,,3765,https://www.urbansmartprojects.com/gallery/3765
147.329936256819536,-42.888036451268633,232,Yvonne Kerklaan,Our River Derwent,2017,Paint,"Sandy Bay Road & Gladstone Street, Battery Point","This design depicts the Derwent River on which Hobart, Tasmania's capital city is situated. It features replica Brig the ""Lady Nelson"" along with some marine life that visit our beautiful waters.",,9168,Signal Box Art,https://www.urbansmartprojects.com/generated/800w-3-4/3-20-75ae16b.jpg,https://www.urbansmartprojects.com/generated/800w-3-4/1-29-5935b79.jpg,,3766,https://www.urbansmartprojects.com/gallery/3766
147.323849225021519,-42.889256702897846,233,Chris Paton,Urban Footprint,2017,Paint,"Davey Street & Molle Street, Hobart","Slick design,cool colours and smart detailed brush work act as a bold reminder to the presence of our 4 legged friends and the balance society must obtain between our natural and urban environment.",,9142,Signal Box Art,https://www.urbansmartprojects.com/generated/800w-3-4/imgp9798-2-ffb49d3.jpg,https://www.urbansmartprojects.com/generated/800w-3-4/imgp9792-2-bdb4a32.jpg,,3767,https://www.urbansmartprojects.com/gallery/3767
147.325264141900135,-42.878010049090229,234,Rebecca Brogan,Peace and Freedom,2017,Paint,"Argyle Street & Brisbane Sreet, Hobart",Abstract flowing rainbow design featuring a dove and a Tasmanian wedge-tailed eagle soaring amidst the colours.,,9162,Signal Box Art,https://www.urbansmartprojects.com/generated/800w-3-4/touched-up-eagle-45-degrees-mg-2520-3e6732a.jpg,https://www.urbansmartprojects.com/generated/800w-3-4/touched-up-dove-45-degrees-mg-2522-821bc17.jpg,,3768,https://www.urbansmartprojects.com/gallery/3768
147.323687688580833,-42.886364811670603,235,Helen Devenish,"Love, Joy & Peace in Hobart",2017,Paint,"Barrack Street & Collins Street, Hobart","We love Hobart. This design represents Hobart with the fish representing people from different nationalities coming here. The dove represents peace, the hearts represent love and the music notes - joy.",,9416,Signal Box Art,https://www.urbansmartprojects.com/generated/800w-3-4/signal-box-2-4-dcc2e60.jpg,https://www.urbansmartprojects.com/generated/800w-3-4/signal-box-1-3-a4f40b7.jpg,,3769,https://www.urbansmartprojects.com/gallery/3769
147.334888884069954,-42.880474504928891,236,Tania Walker,Berry Hungry,2017,Paint,"Davey Street & Evans Street, Hobart","Silver gulls squabble over a cherry. This piece references the nearby IXL Jam Factory, and the proliferation of gulls along Hobart's waterfront.",,9419,Signal Box Art,https://www.urbansmartprojects.com/generated/800w-3-4/boxleft-4000b19-1521770799.jpg,https://www.urbansmartprojects.com/generated/800w-3-4/boxright-d2774df-1521770800.jpg,,3770,https://www.urbansmartprojects.com/gallery/3770
147.31998963739602,-42.879891748162528,237,Sheree Martin,We are Learners,2017,Paint,"Murray Street & Patrick Street, Hobart",An exploration of colour (Primary & Secondary Colours via Rainbow Flowers) with the Lansdowne Crescent Primary School Kinders 2017,,9478,Signal Box Art,https://www.urbansmartprojects.com/generated/800w-3-4/apc-0488-43d35c0-1521770858.jpg,https://www.urbansmartprojects.com/generated/800w-3-4/apc-0510-37d509a-1521770859.jpg,,3771,https://www.urbansmartprojects.com/gallery/3771
147.298485743528317,-42.851546460321345,238,Lindy Beven,Pitt Farm,2017,Paint,"Main Road & Creek Rroad, New Town","Picture and information on Pitt Farm which has historical value, not only to Newtown, Tasmania, but also to Australian heritage as its is the second farmhouse that was built in our free settlement origins.",,9157,Signal Box Art,https://www.urbansmartprojects.com/generated/800w-3-4/pitt-farm-circa-1810-jpg-1509409331.jpg,https://www.urbansmartprojects.com/generated/800w-3-4/20171027-135158-jpg-1509409351.jpg,,3772,https://www.urbansmartprojects.com/gallery/3772
147.322085940810155,-42.875751008063723,239,Hugh Kerr,Box 9196,2017,Paint,"Argyle Street & Warwick Street, Hobart","The design of the box takes its inspiration from the names of the intersecting streets:
The tartan pattern is the tartan of the Campbells of Argyll in Scotland after whom the street was supposedly named by Lachlan Macquarie. 
The bear and billet elements come from the county coat of arms of Warwickshire, UK -  Warwick St was so named because it was the home town of Surveyor-General of Tasmania, George William Evans. However the bear and billet symbol has never struck me as very nice, so in this design the bear is free of its chain. This also reflects Hobart",,9196,Signal Box Art,https://www.urbansmartprojects.com/generated/800w-3-4/front-28-1-4160d12.jpg,https://www.urbansmartprojects.com/generated/800w-3-4/front-right-1-6087c31.jpg,,3773,https://www.urbansmartprojects.com/gallery/3773
147.319044908822349,-42.880619280936216,240,Heather Menzies,Mountains of Time,2017,Paint,"Harrington Street & Patrick Street, Hobart","A colourful depiction of Southern Tasmanian landscape. Featuring Mount Wellington, Hartz Peak and the Tasman Bridge.",,9479,Signal Box Art,https://www.urbansmartprojects.com/generated/800w-3-4/box3-1-8b4cfd1.jpg,https://www.urbansmartprojects.com/generated/800w-3-4/boxshot1-5eed6a7.jpg,,3774,https://www.urbansmartprojects.com/gallery/3774
147.334728502157958,-42.878771722751502,241,Maria Isabel Lozano Fernandez,Antarctic,2017,Paint,"Brooker Highway & Davey Street, Hobart",The artwork represents Hobart connection with the Antarctic as well as its location as a base. Hobart icons are people and the bridge which are associated with the Antarctic represented by the animals. The distance travelled and the link as a base are represented by the wandering albatroses and the red hulled ship (Aurora Australis),,9422,Signal Box Art,https://www.urbansmartprojects.com/generated/800w-3-4/back-29-1-c2a0438.jpg,https://www.urbansmartprojects.com/generated/800w-3-4/front-26-1-f4306af-1521770889.jpg,,3775,https://www.urbansmartprojects.com/gallery/3775
